{
    "formName":"defaultDiscountDivision",
    "properties": [
        {
            "component":"TextField", 
            "type": "text", 
            "format":"percentage",
            "minLength": 1,
            "maxLength": 5,
            "grid":6,
            "name":"mOwnerDivision",
            "label":"Owner Percentage",
            "placeholder":"Owner Percentage",
            "onBlur":"changePercentage"
        },
        {
            "component":"TextField", 
            "type": "text",
            "format":"percentage", 
            "minLength": 1,
            "maxLength": 5,
            "grid":6,
            "name":"mEmployeeDivision",
            "label":"Employee Percentage",
            "placeholder":"Employee Percentage",
            "onBlur":"changePercentage"
        }
    ],
    "required": ["mOwnerDivision", "mEmployeeDivision"],
    "buttons":[
        {
          "label":"Save",
          "type":"submit",
          "variant":"contained",
          "grid":2
        }
    ],
    "onSubmit":{  
        "action":"API",
        "url":"https://api.ci.dev.castlenova.net/api/v1/merchant/defaultdiscount/saveFromPOS",
        "method":"POST",
        "onSuccess":{
            "action":"reloadData"
        }
       
    }
}