{
    "formName":"defaultDiscountDivision",
    "properties": [
        {
            "component":"TextField", 
            "type": "text", 
            "format":"percentage",
            "minLength": 1,
            "maxLength": 5,
            "grid":6,
            "name":"mOwnerDivision",
            "label":"Owner Percentage",
            "placeholder":"Owner Percentage",
            "onBlur":"changePercentage"
        },
        {
            "component":"TextField", 
            "type": "text",
            "format":"percentage", 
            "minLength": 1,
            "maxLength": 5,
            "grid":6,
            "name":"mEmployeeDivision",
            "label":"Employee Percentage",
            "placeholder":"Employee Percentage",
            "onBlur":"changePercentage"
        }
    ],
    "required": ["mOwnerDivision", "mEmployeeDivision"],
    "buttons":[ 
    ],
    "onSubmit":{  
        "action":"API",
        "url":"merchant/defaultdiscount/save",
        "method":"POST",
        "onSuccess":{
            "action":"reloadData"
        }
       
    }
}